{"cameraMode":{"drawMode":0,"name":"Shaded","section":"Shading Mode"},"sceneLighting":true,"audioPlay":false,"sceneViewState":{"m_AlwaysRefresh":false,"showFog":true,"showSkybox":false,"showFlares":true,"showImageEffects":true,"showParticleSystems":true,"showVisualEffectGraphs":true,"m_FxEnabled":true},"in2DMode":false,"pivot":{"x":7.23957633972168,"y":2.0146920680999758,"z":18.521034240722658},"rotation":{"x":0.03295055776834488,"y":-0.8358158469200134,"z":0.05046991631388664,"w":0.545714259147644},"size":0.47463661432266238,"orthographic":false}