{"cameraMode":{"drawMode":0,"name":"Shaded","section":"Shading Mode"},"sceneLighting":true,"audioPlay":false,"sceneViewState":{"m_AlwaysRefresh":false,"showFog":true,"showSkybox":false,"showFlares":true,"showImageEffects":true,"showParticleSystems":true,"showVisualEffectGraphs":true,"m_FxEnabled":true},"in2DMode":false,"pivot":{"x":1.2288951873779297,"y":-6.884220123291016,"z":-5.161846160888672},"rotation":{"x":0.10655606538057327,"y":-0.8893212676048279,"z":0.35656049847602847,"w":0.26579466462135317},"size":18.387496948242189,"orthographic":false}