{"cameraMode":{"drawMode":0,"name":"Shaded","section":"Shading Mode"},"sceneLighting":true,"audioPlay":false,"sceneViewState":{"m_AlwaysRefresh":false,"showFog":true,"showSkybox":false,"showFlares":true,"showImageEffects":true,"showParticleSystems":true,"showVisualEffectGraphs":true,"m_FxEnabled":true},"in2DMode":false,"pivot":{"x":29.379432678222658,"y":-12.885931015014649,"z":7.706338882446289},"rotation":{"x":-0.18262004852294923,"y":-0.46290838718414309,"z":0.09808903187513352,"w":-0.8618279695510864},"size":25.20193862915039,"orthographic":false}