{"cameraMode":{"drawMode":0,"name":"Shaded","section":"Shading Mode"},"sceneLighting":false,"audioPlay":false,"sceneViewState":{"m_AlwaysRefresh":false,"showFog":true,"showSkybox":false,"showFlares":true,"showImageEffects":true,"showParticleSystems":true,"showVisualEffectGraphs":true,"m_FxEnabled":true},"in2DMode":false,"pivot":{"x":2.631207227706909,"y":3.6520135402679445,"z":5.979217052459717},"rotation":{"x":0.405336856842041,"y":-0.002601450541988015,"z":0.0013904470251873136,"w":0.9142653346061707},"size":0.4911917746067047,"orthographic":false}